{
  "hash": "ab4aa362",
  "configHash": "ded3e430",
  "lockfileHash": "5552a19e",
  "browserHash": "c32a290b",
  "optimized": {
    "@angular/core": {
      "src": "../../../../../../node_modules/@angular/core/fesm2022/core.mjs",
      "file": "@angular_core.js",
      "fileHash": "ae931861",
      "needsInterop": false
    },
    "@angular/platform-browser": {
      "src": "../../../../../../node_modules/@angular/platform-browser/fesm2022/platform-browser.mjs",
      "file": "@angular_platform-browser.js",
      "fileHash": "57efaf01",
      "needsInterop": false
    },
    "@angular/router": {
      "src": "../../../../../../node_modules/@angular/router/fesm2022/router.mjs",
      "file": "@angular_router.js",
      "fileHash": "5b272b1c",
      "needsInterop": false
    },
    "@angular/common": {
      "src": "../../../../../../node_modules/@angular/common/fesm2022/common.mjs",
      "file": "@angular_common.js",
      "fileHash": "f5754481",
      "needsInterop": false
    }
  },
  "chunks": {
    "chunk-A2FPLDS2": {
      "file": "chunk-A2FPLDS2.js"
    },
    "chunk-NAA7Z5OD": {
      "file": "chunk-NAA7Z5OD.js"
    },
    "chunk-IWJZX5M4": {
      "file": "chunk-IWJZX5M4.js"
    }
  }
}